目录,文件名,标题,起始页,结束页,页数,类型
00_辅助材料,00_封面与前置.pdf,00_封面与前置,1,26,26,辅助材料
01_开始,1.1_编写一个简单的C_plusplus_程序.pdf,1.1 编写一个简单的C++程序,27,31,5,内容
01_开始,1.2_初识输入输出.pdf,1.2 初识输入输出,31,34,4,内容
01_开始,1.3_注释简介.pdf,1.3 注释简介,34,36,3,内容
01_开始,1.4_控制流.pdf,1.4 控制流,36,43,8,内容
01_开始,1.5_类简介.pdf,1.5 类简介,43,47,5,内容
01_开始,1.6_书店程序.pdf,1.6 书店程序,47,49,3,内容
01_开始,1.7_小结.pdf,1.7 小结,49,49,1,小结
01_开始,1.8_术语表.pdf,1.8 术语表,49,55,7,术语表
02_变量和基本类型,2.1_基本内置类型.pdf,2.1 基本内置类型,56,64,9,内容
02_变量和基本类型,2.2_变量.pdf,2.2 变量,64,71,8,内容
02_变量和基本类型,2.3_复合类型.pdf,2.3 复合类型,71,79,9,内容
02_变量和基本类型,2.4_const限定符.pdf,2.4 const限定符,79,86,8,内容
02_变量和基本类型,2.5_处理类型.pdf,2.5 处理类型,86,90,5,内容
02_变量和基本类型,2.6_自定义数据结构.pdf,2.6 自定义数据结构,90,95,6,内容
02_变量和基本类型,2.7_小结.pdf,2.7 小结,95,95,1,小结
02_变量和基本类型,2.8_术语表.pdf,2.8 术语表,95,99,5,术语表
03_字符串_向量和数组,3.1_命名空间的using声明.pdf,3.1 命名空间的using声明,100,101,2,内容
03_字符串_向量和数组,3.2_标准库类型string.pdf,3.2 标准库类型string,101,112,12,内容
03_字符串_向量和数组,3.3_标准库类型vector.pdf,3.3 标准库类型vector,112,121,10,内容
03_字符串_向量和数组,3.4_迭代器介绍.pdf,3.4 迭代器介绍,121,127,7,内容
03_字符串_向量和数组,3.5_数组.pdf,3.5 数组,127,138,12,内容
03_字符串_向量和数组,3.6_多维数组.pdf,3.6 多维数组,138,143,6,内容
03_字符串_向量和数组,3.7_小结.pdf,3.7 小结,143,143,1,小结
03_字符串_向量和数组,3.8_术语表.pdf,3.8 术语表,143,145,3,术语表
04_表达式,4.1_基础.pdf,4.1 基础,146,150,5,内容
04_表达式,4.2_算术运算符.pdf,4.2 算术运算符,150,152,3,内容
04_表达式,4.3_逻辑和关系运算符.pdf,4.3 逻辑和关系运算符,152,155,4,内容
04_表达式,4.4_赋值运算符.pdf,4.4 赋值运算符,155,157,3,内容
04_表达式,4.5_递增和递减运算符.pdf,4.5 递增和递减运算符,157,159,3,内容
04_表达式,4.6_成员访问运算符.pdf,4.6 成员访问运算符,159,160,2,内容
04_表达式,4.7_条件运算符.pdf,4.7 条件运算符,160,161,2,内容
04_表达式,4.8_位运算符.pdf,4.8 位运算符,161,165,5,内容
04_表达式,4.9_sizeof运算符.pdf,4.9 sizeof运算符,165,166,2,内容
04_表达式,4.10_逗号运算符.pdf,4.10 逗号运算符,166,167,2,内容
04_表达式,4.11_类型转换.pdf,4.11 类型转换,167,173,7,内容
04_表达式,4.12_运算符优先级表.pdf,4.12 运算符优先级表,173,175,3,内容
04_表达式,4.13_小结.pdf,4.13 小结,175,175,1,小结
04_表达式,4.14_术语表.pdf,4.14 术语表,175,179,5,术语表
05_语句,5.1_简单语句.pdf,5.1 简单语句,180,181,2,内容
05_语句,5.2_语句作用域.pdf,5.2 语句作用域,181,182,2,内容
05_语句,5.3_条件语句.pdf,5.3 条件语句,182,191,10,内容
05_语句,5.4_迭代语句.pdf,5.4 迭代语句,191,196,6,内容
05_语句,5.5_跳转语句.pdf,5.5 跳转语句,196,198,3,内容
05_语句,5.6_TRY语句块和异常处理.pdf,5.6 TRY语句块和异常处理,198,204,7,内容
05_语句,5.7_小结.pdf,5.7 小结,204,204,1,小结
05_语句,5.8_术语表.pdf,5.8 术语表,204,207,4,术语表
06_函数,6.1_函数基础.pdf,6.1 函数基础,208,213,6,内容
06_函数,6.2_参数传递.pdf,6.2 参数传递,213,225,13,内容
06_函数,6.3_返回类型和return语句.pdf,6.3 返回类型和return语句,225,232,8,内容
06_函数,6.4_函数重载.pdf,6.4 函数重载,232,237,6,内容
06_函数,6.5_特殊用途语言特性.pdf,6.5 特殊用途语言特性,237,243,7,内容
06_函数,6.6_函数匹配.pdf,6.6 函数匹配,243,247,5,内容
06_函数,6.7_函数指针.pdf,6.7 函数指针,247,251,5,内容
06_函数,6.8_小结.pdf,6.8 小结,251,251,1,小结
06_函数,6.9_术语表.pdf,6.9 术语表,251,253,3,术语表
07_类,7.1_定义抽象数据类型.pdf,7.1 定义抽象数据类型,254,266,13,内容
07_类,7.2_访问控制与封装.pdf,7.2 访问控制与封装,266,269,4,内容
07_类,7.3_类的其他特性.pdf,7.3 类的其他特性,269,279,11,内容
07_类,7.4_类的作用域.pdf,7.4 类的作用域,279,283,5,内容
07_类,7.5_构造函数再探.pdf,7.5 构造函数再探,283,294,12,内容
07_类,7.6_类的静态成员.pdf,7.6 类的静态成员,294,299,6,内容
07_类,7.7_小结.pdf,7.7 小结,299,299,1,小结
07_类,7.8_术语表.pdf,7.8 术语表,299,303,5,术语表
08_IO库,8.1_IO类.pdf,8.1 IO类,304,309,6,内容
08_IO库,8.2_文件输入输出.pdf,8.2 文件输入输出,309,313,5,内容
08_IO库,8.3_string流.pdf,8.3 string流,313,316,4,内容
08_IO库,8.4_小结.pdf,8.4 小结,316,316,1,小结
08_IO库,8.5_术语表.pdf,8.5 术语表,316,317,2,术语表
09_顺序容器,9.1_顺序容器概述.pdf,9.1 顺序容器概述,318,320,3,内容
09_顺序容器,9.2_容器库概览.pdf,9.2 容器库概览,320,331,12,内容
09_顺序容器,9.3_顺序容器操作.pdf,9.3 顺序容器操作,331,343,13,内容
09_顺序容器,9.4_vector对象是如何增长的.pdf,9.4 vector对象是如何增长的,343,346,4,内容
09_顺序容器,9.5_额外的string操作.pdf,9.5 额外的string操作,346,355,10,内容
09_顺序容器,9.6_容器适配器.pdf,9.6 容器适配器,355,358,4,内容
09_顺序容器,9.7_小结.pdf,9.7 小结,358,358,1,小结
09_顺序容器,9.8_术语表.pdf,9.8 术语表,358,361,4,术语表
10_泛型算法,10.1_概述.pdf,10.1 概述,362,364,3,内容
10_泛型算法,10.2_初识泛型算法.pdf,10.2 初识泛型算法,364,370,7,内容
10_泛型算法,10.3_定制操作.pdf,10.3 定制操作,370,383,14,内容
10_泛型算法,10.4_再探迭代器.pdf,10.4 再探迭代器,383,391,9,内容
10_泛型算法,10.5_泛型算法结构.pdf,10.5 泛型算法结构,391,395,5,内容
10_泛型算法,10.6_特定容器算法.pdf,10.6 特定容器算法,395,397,3,内容
10_泛型算法,10.7_小结.pdf,10.7 小结,397,397,1,小结
10_泛型算法,10.8_术语表.pdf,10.8 术语表,397,399,3,术语表
11_关联容器,11.1_使用关联容器.pdf,11.1 使用关联容器,400,402,3,内容
11_关联容器,11.2_关联容器概述.pdf,11.2 关联容器概述,402,407,6,内容
11_关联容器,11.3_关联容器操作.pdf,11.3 关联容器操作,407,420,14,内容
11_关联容器,11.4_无序容器.pdf,11.4 无序容器,420,423,4,内容
11_关联容器,11.5_小结.pdf,11.5 小结,423,423,1,小结
11_关联容器,11.6_术语表.pdf,11.6 术语表,423,425,3,术语表
12_动态内存,12.1_动态内存与智能指针.pdf,12.1 动态内存与智能指针,426,449,24,内容
12_动态内存,12.2_动态数组.pdf,12.2 动态数组,449,456,8,内容
12_动态内存,12.3_使用标准库_文本查询程序.pdf,12.3 使用标准库_文本查询程序,456,462,7,内容
12_动态内存,12.4_小结.pdf,12.4 小结,462,462,1,小结
12_动态内存,12.5_术语表.pdf,12.5 术语表,462,465,4,术语表
13_拷贝控制,13.1_拷贝_赋值与销毁.pdf,13.1 拷贝_赋值与销毁,466,478,13,内容
13_拷贝控制,13.2_拷贝控制和资源管理.pdf,13.2 拷贝控制和资源管理,478,483,6,内容
13_拷贝控制,13.3_交换操作.pdf,13.3 交换操作,483,486,4,内容
13_拷贝控制,13.4_拷贝控制示例.pdf,13.4 拷贝控制示例,486,490,5,内容
13_拷贝控制,13.5_动态内存管理类.pdf,13.5 动态内存管理类,490,496,7,内容
13_拷贝控制,13.6_对象移动.pdf,13.6 对象移动,496,512,17,内容
13_拷贝控制,13.7_小结.pdf,13.7 小结,512,512,1,小结
13_拷贝控制,13.8_术语表.pdf,13.8 术语表,512,515,4,术语表
14_操作重载与类型转换,14.1_基本概念.pdf,14.1 基本概念,516,520,5,内容
14_操作重载与类型转换,14.2_输入和输出运算符.pdf,14.2 输入和输出运算符,520,523,4,内容
14_操作重载与类型转换,14.3_算术和关系运算符.pdf,14.3 算术和关系运算符,523,525,3,内容
14_操作重载与类型转换,14.4_赋值运算符.pdf,14.4 赋值运算符,525,527,3,内容
14_操作重载与类型转换,14.5_下标运算符.pdf,14.5 下标运算符,527,528,2,内容
14_操作重载与类型转换,14.6_递增和递减运算符.pdf,14.6 递增和递减运算符,528,530,3,内容
14_操作重载与类型转换,14.7_成员访问运算符.pdf,14.7 成员访问运算符,530,532,3,内容
14_操作重载与类型转换,14.8_函数调用运算符.pdf,14.8 函数调用运算符,532,540,9,内容
14_操作重载与类型转换,14.9_重载_类型转换与运算符.pdf,14.9 重载_类型转换与运算符,540,549,10,内容
14_操作重载与类型转换,14.10_小结.pdf,14.10 小结,549,549,1,小结
14_操作重载与类型转换,14.11_术语表.pdf,14.11 术语表,549,551,3,术语表
15_面向对象程序设计,15.1_OOP_概述.pdf,15.1 OOP_概述,552,553,2,内容
15_面向对象程序设计,15.2_定义基类和派生类.pdf,15.2 定义基类和派生类,553,562,10,内容
15_面向对象程序设计,15.3_虚函数.pdf,15.3 虚函数,562,566,5,内容
15_面向对象程序设计,15.4_抽象基类.pdf,15.4 抽象基类,566,568,3,内容
15_面向对象程序设计,15.5_访问控制与继承.pdf,15.5 访问控制与继承,568,573,6,内容
15_面向对象程序设计,15.6_继承中的类作用域.pdf,15.6 继承中的类作用域,573,577,5,内容
15_面向对象程序设计,15.7_构造函数与拷贝控制.pdf,15.7 构造函数与拷贝控制,577,584,8,内容
15_面向对象程序设计,15.8_容器与继承.pdf,15.8 容器与继承,584,588,5,内容
15_面向对象程序设计,15.9_文本查询程序再探.pdf,15.9 文本查询程序再探,588,601,14,内容
15_面向对象程序设计,15.10_小结.pdf,15.10 小结,601,601,1,小结
15_面向对象程序设计,15.11_术语表.pdf,15.11 术语表,601,603,3,术语表
16_模板与泛型编程,16.1_定义模板.pdf,16.1 定义模板,604,626,23,内容
16_模板与泛型编程,16.2_模板实参推断.pdf,16.2 模板实参推断,626,640,15,内容
16_模板与泛型编程,16.3_重载与模板.pdf,16.3 重载与模板,640,644,5,内容
16_模板与泛型编程,16.4_可变参数模板.pdf,16.4 可变参数模板,644,650,7,内容
16_模板与泛型编程,16.5_模板特例化.pdf,16.5 模板特例化,650,656,7,内容
16_模板与泛型编程,16.6_小结.pdf,16.6 小结,656,656,1,小结
16_模板与泛型编程,16.7_术语表.pdf,16.7 术语表,656,661,6,术语表
17_标准库特殊设施,17.1_tuple类型.pdf,17.1 tuple类型,662,666,5,内容
17_标准库特殊设施,17.2_BITSET类型.pdf,17.2 BITSET类型,666,671,6,内容
17_标准库特殊设施,17.3_正则表达式.pdf,17.3 正则表达式,671,685,15,内容
17_标准库特殊设施,17.4_随机数.pdf,17.4 随机数,685,692,8,内容
17_标准库特殊设施,17.5_IO库再探.pdf,17.5 IO库再探,692,706,15,内容
17_标准库特殊设施,17.6_小结.pdf,17.6 小结,706,706,1,小结
17_标准库特殊设施,17.7_术语表.pdf,17.7 术语表,706,709,4,术语表
18_用于大型程序的工具,18.1_异常处理.pdf,18.1 异常处理,710,721,12,内容
18_用于大型程序的工具,18.2_命名空间.pdf,18.2 命名空间,721,736,16,内容
18_用于大型程序的工具,18.3_多重继承与虚继承.pdf,18.3 多重继承与虚继承,736,748,13,内容
18_用于大型程序的工具,18.4_小结.pdf,18.4 小结,748,748,1,小结
18_用于大型程序的工具,18.5_术语表.pdf,18.5 术语表,748,751,4,术语表
19_特殊工具与技术,19.1_控制内存分配.pdf,19.1 控制内存分配,752,756,5,内容
19_特殊工具与技术,19.2_运行时类型识别.pdf,19.2 运行时类型识别,756,762,7,内容
19_特殊工具与技术,19.3_枚举类型.pdf,19.3 枚举类型,762,765,4,内容
19_特殊工具与技术,19.4_类成员指针.pdf,19.4 类成员指针,765,772,8,内容
19_特殊工具与技术,19.5_嵌套类.pdf,19.5 嵌套类,772,775,4,内容
19_特殊工具与技术,19.6_union_一种节省空间的类.pdf,19.6 union_一种节省空间的类,775,780,6,内容
19_特殊工具与技术,19.7_局部类.pdf,19.7 局部类,780,781,2,内容
19_特殊工具与技术,19.8_固有的不可移植的特性.pdf,19.8 固有的不可移植的特性,781,788,8,内容
19_特殊工具与技术,19.9_小结.pdf,19.9 小结,788,788,1,小结
19_特殊工具与技术,19.10_术语表.pdf,19.10 术语表,788,791,4,术语表
20_附录A_标准库,A.1_标准库名字和头文件.pdf,A.1 标准库名字和头文件,792,796,5,内容
20_附录A_标准库,A.2_算法概览.pdf,A.2 算法概览,796,807,12,内容
20_附录A_标准库,A.3_随机数.pdf,A.3 随机数,807,864,58,内容
